Date,Rate
2007-08-02,4.89
2007-08-03,4.85
2007-08-06,4.88
2007-08-07,4.94
2007-08-08,4.95
2007-08-09,4.81
2007-08-10,4.57
2007-08-13,4.74
2007-08-14,4.64
2007-08-15,4.21
2007-08-16,3.79
2007-08-17,3.76
2007-08-20,3.12
2007-08-21,3.59
2007-08-22,3.67
2007-08-23,3.89
2007-08-24,4.24
2007-08-27,4.63
2007-08-28,4.4
2007-08-29,3.98
2007-08-30,3.84
2007-08-31,4.01
2007-09-04,4.47
2007-09-05,4.36
2007-09-06,4.29
2007-09-07,4.07
2007-09-10,3.96
2007-09-11,4.11
2007-09-12,4.03
2007-09-13,4.08
2007-09-14,4.01
2007-09-17,4.15
2007-09-18,4.01
2007-09-19,3.93
2007-09-20,3.79
2007-09-21,3.74
2007-09-24,3.84
2007-09-25,3.79
2007-09-26,3.73
2007-09-27,3.71
2007-09-28,3.82
2007-10-01,3.92
2007-10-02,3.96
2007-10-03,3.96
2007-10-04,3.96
2007-10-05,4.0
2007-10-09,4.06
2007-10-10,4.06
2007-10-11,4.12
2007-10-12,4.2
2007-10-15,4.3
2007-10-16,4.25
2007-10-17,4.01
2007-10-18,3.76
2007-10-19,3.86
2007-10-22,4.0
2007-10-23,3.98
2007-10-24,3.85
2007-10-25,3.94
2007-10-26,3.96
2007-10-29,4.01
2007-10-30,3.96
2007-10-31,3.94
2007-11-01,3.81
2007-11-02,3.61
2007-11-05,3.71
2007-11-06,3.76
2007-11-07,3.49
2007-11-08,3.38
2007-11-09,3.27
2007-11-13,3.5
2007-11-14,3.41
2007-11-15,3.3
2007-11-16,3.4
2007-11-19,3.4
2007-11-20,3.25
2007-11-21,3.09
2007-11-23,3.23
2007-11-26,3.13
2007-11-27,3.16
2007-11-28,3.05
2007-11-29,2.99
2007-11-30,3.15
2007-12-03,3.06
2007-12-04,3.07
2007-12-05,3.07
2007-12-06,3.09
2007-12-07,3.12
2007-12-10,3.05
2007-12-11,2.94
2007-12-12,2.88
2007-12-13,2.87
2007-12-14,2.88
2007-12-17,3.07
2007-12-18,3.04
2007-12-19,2.91
2007-12-20,2.92
2007-12-21,3.0
2007-12-24,3.33
2007-12-26,3.32
2007-12-27,3.17
2007-12-28,3.18
2007-12-31,3.36
2008-01-02,3.26
2008-01-03,3.24
2008-01-04,3.2
2008-01-07,3.27
2008-01-08,3.25
2008-01-09,3.22
2008-01-10,3.24
2008-01-11,3.09
2008-01-14,3.19
2008-01-15,3.17
2008-01-16,3.14
2008-01-17,3.07
2008-01-18,2.86
2008-01-22,2.35
2008-01-23,2.21
2008-01-24,2.37
2008-01-25,2.3
2008-01-28,2.34
2008-01-29,2.28
2008-01-30,2.21
2008-01-31,1.96
2008-02-01,2.1
2008-02-04,2.27
2008-02-05,2.19
2008-02-06,2.1
2008-02-07,2.17
2008-02-08,2.23
2008-02-11,2.31
2008-02-12,2.31
2008-02-13,2.28
2008-02-14,2.31
2008-02-15,2.21
2008-02-19,2.28
2008-02-20,2.25
2008-02-21,2.2
2008-02-22,2.2
2008-02-25,2.2
2008-02-26,2.14
2008-02-27,1.98
2008-02-28,1.9
2008-02-29,1.85
2008-03-03,1.7
2008-03-04,1.66
2008-03-05,1.53
2008-03-06,1.39
2008-03-07,1.45
2008-03-10,1.35
2008-03-11,1.48
2008-03-12,1.48
2008-03-13,1.35
2008-03-14,1.18
2008-03-17,1.11
2008-03-18,0.92
2008-03-19,0.61
2008-03-20,0.63
2008-03-24,1.24
2008-03-25,1.29
2008-03-26,1.29
2008-03-27,1.3
2008-03-28,1.33
2008-03-31,1.38
2008-04-01,1.4
2008-04-02,1.41
2008-04-03,1.4
2008-04-04,1.35
2008-04-07,1.45
2008-04-08,1.41
2008-04-09,1.31
2008-04-10,1.27
2008-04-11,1.19
2008-04-14,1.08
2008-04-15,1.1
2008-04-16,1.12
2008-04-17,1.23
2008-04-18,1.35
2008-04-21,1.34
2008-04-22,1.27
2008-04-23,1.26
2008-04-24,1.26
2008-04-25,1.34
2008-04-28,1.43
2008-04-29,1.46
2008-04-30,1.43
2008-05-01,1.45
2008-05-02,1.5
2008-05-05,1.53
2008-05-06,1.63
2008-05-07,1.67
2008-05-08,1.66
2008-05-09,1.69
2008-05-12,1.77
2008-05-13,1.83
2008-05-14,1.82
2008-05-15,1.83
2008-05-16,1.84
2008-05-19,1.82
2008-05-20,1.86
2008-05-21,1.86
2008-05-22,1.86
2008-05-23,1.86
2008-05-27,1.89
2008-05-28,1.89
2008-05-29,1.9
2008-05-30,1.89
2008-06-02,1.85
2008-06-03,1.85
2008-06-04,1.84
2008-06-05,1.85
2008-06-06,1.85
2008-06-09,1.89
2008-06-10,2.02
2008-06-11,1.96
2008-06-12,2.0
2008-06-13,1.99
2008-06-16,2.07
2008-06-17,1.99
2008-06-18,1.93
2008-06-19,1.91
2008-06-20,1.87
2008-06-23,1.87
2008-06-24,1.83
2008-06-25,1.81
2008-06-26,1.74
2008-06-27,1.68
2008-06-30,1.9
2008-07-01,1.87
2008-07-02,1.82
2008-07-03,1.84
2008-07-07,1.87
2008-07-08,1.86
2008-07-09,1.82
2008-07-10,1.67
2008-07-11,1.62
2008-07-14,1.52
2008-07-15,1.39
2008-07-16,1.37
2008-07-17,1.43
2008-07-18,1.48
2008-07-21,1.48
2008-07-22,1.55
2008-07-23,1.59
2008-07-24,1.65
2008-07-25,1.75
2008-07-28,1.73
2008-07-29,1.72
2008-07-30,1.7
2008-07-31,1.68
2008-08-01,1.66
2008-08-04,1.75
2008-08-05,1.75
2008-08-06,1.64
2008-08-07,1.66
2008-08-08,1.7
2008-08-11,1.87
2008-08-12,1.86
2008-08-13,1.85
2008-08-14,1.89
2008-08-15,1.85
2008-08-18,1.82
2008-08-19,1.8
2008-08-20,1.71
2008-08-21,1.72
2008-08-22,1.7
2008-08-25,1.74
2008-08-26,1.71
2008-08-27,1.67
2008-08-28,1.74
2008-08-29,1.72
2008-09-02,1.72
2008-09-03,1.7
2008-09-04,1.69
2008-09-05,1.68
2008-09-08,1.71
2008-09-09,1.66
2008-09-10,1.65
2008-09-11,1.61
2008-09-12,1.49
2008-09-15,1.02
2008-09-16,0.84
2008-09-17,0.03
2008-09-18,0.23
2008-09-19,0.99
2008-09-22,1.28
2008-09-23,0.8
2008-09-24,0.49
2008-09-25,0.76
2008-09-26,0.87
2008-09-29,0.94
2008-09-30,0.92
2008-10-01,0.85
2008-10-02,0.63
2008-10-03,0.51
2008-10-06,0.54
2008-10-07,0.82
2008-10-08,0.68
2008-10-09,0.6
2008-10-10,0.25
2008-10-14,0.34
2008-10-15,0.22
2008-10-16,0.46
2008-10-17,0.83
2008-10-20,1.24
2008-10-21,1.1
2008-10-22,1.05
2008-10-23,0.98
2008-10-24,0.89
2008-10-27,0.84
2008-10-28,0.77
2008-10-29,0.62
2008-10-30,0.41
2008-10-31,0.46
2008-11-03,0.49
2008-11-04,0.48
2008-11-05,0.4
2008-11-06,0.32
2008-11-07,0.31
2008-11-10,0.29
2008-11-12,0.18
2008-11-13,0.22
2008-11-14,0.15
2008-11-17,0.12
2008-11-18,0.12
2008-11-19,0.07
2008-11-20,0.03
2008-11-21,0.02
2008-11-24,0.13
2008-11-25,0.1
2008-11-26,0.05
2008-11-28,0.01
2008-12-01,0.07
2008-12-02,0.06
2008-12-03,0.02
2008-12-04,0.02
2008-12-05,0.02
2008-12-08,0.03
2008-12-09,0.03
2008-12-11,0.01
2008-12-12,0.02
2008-12-15,0.03
2008-12-16,0.04
2008-12-17,0.05
2008-12-19,0.02
2008-12-22,0.01
2008-12-23,0.02
2008-12-26,0.03
2008-12-29,0.06
2008-12-30,0.1
2008-12-31,0.11
2009-01-02,0.08
2009-01-05,0.14
2009-01-06,0.14
2009-01-07,0.11
2009-01-08,0.09
2009-01-09,0.07
2009-01-12,0.12
2009-01-13,0.11
2009-01-14,0.12
2009-01-15,0.11
2009-01-16,0.12
2009-01-20,0.13
2009-01-21,0.11
2009-01-22,0.1
2009-01-23,0.11
2009-01-26,0.14
2009-01-27,0.13
2009-01-28,0.19
2009-01-29,0.23
2009-01-30,0.24
2009-02-02,0.27
2009-02-03,0.32
2009-02-04,0.3
2009-02-05,0.29
2009-02-06,0.28
2009-02-09,0.32
2009-02-10,0.31
2009-02-11,0.3
2009-02-12,0.29
2009-02-13,0.29
2009-02-17,0.32
2009-02-18,0.31
2009-02-19,0.3
2009-02-20,0.27
2009-02-23,0.29
2009-02-24,0.32
2009-02-25,0.3
2009-02-26,0.27
2009-02-27,0.26
2009-03-02,0.28
2009-03-03,0.27
2009-03-04,0.26
2009-03-05,0.2
2009-03-06,0.21
2009-03-09,0.23
2009-03-10,0.24
2009-03-11,0.23
2009-03-12,0.22
2009-03-13,0.2
2009-03-16,0.24
2009-03-17,0.24
2009-03-18,0.21
2009-03-19,0.2
2009-03-20,0.22
2009-03-23,0.22
2009-03-24,0.21
2009-03-25,0.19
2009-03-26,0.15
2009-03-27,0.14
2009-03-30,0.18
2009-03-31,0.21
2009-04-01,0.22
2009-04-02,0.22
2009-04-03,0.21
2009-04-06,0.2
2009-04-07,0.2
2009-04-08,0.18
2009-04-09,0.18
2009-04-13,0.18
2009-04-14,0.17
2009-04-15,0.15
2009-04-16,0.13
2009-04-17,0.14
2009-04-20,0.14
2009-04-21,0.15
2009-04-22,0.14
2009-04-23,0.1
2009-04-24,0.1
2009-04-27,0.13
2009-04-28,0.13
2009-04-29,0.11
2009-04-30,0.14
2009-05-01,0.16
2009-05-04,0.19
2009-05-05,0.19
2009-05-06,0.19
2009-05-07,0.18
2009-05-08,0.19
2009-05-11,0.19
2009-05-12,0.19
2009-05-13,0.17
2009-05-14,0.16
2009-05-15,0.17
2009-05-18,0.19
2009-05-19,0.18
2009-05-20,0.18
2009-05-21,0.19
2009-05-22,0.18
2009-05-26,0.18
2009-05-27,0.17
2009-05-28,0.15
2009-05-29,0.14
2009-06-01,0.13
2009-06-02,0.14
2009-06-03,0.14
2009-06-04,0.14
2009-06-05,0.2
2009-06-08,0.19
2009-06-09,0.19
2009-06-10,0.18
2009-06-11,0.19
2009-06-12,0.19
2009-06-15,0.17
2009-06-16,0.17
2009-06-17,0.17
2009-06-18,0.18
2009-06-19,0.19
2009-06-22,0.2
2009-06-23,0.2
2009-06-24,0.19
2009-06-25,0.18
2009-06-26,0.2
2009-06-29,0.2
2009-06-30,0.19
2009-07-01,0.17
2009-07-02,0.17
2009-07-06,0.19
2009-07-07,0.19
2009-07-08,0.18
2009-07-09,0.19
2009-07-10,0.18
2009-07-13,0.18
2009-07-14,0.18
2009-07-15,0.18
2009-07-16,0.19
2009-07-17,0.17
2009-07-20,0.19
2009-07-21,0.19
2009-07-22,0.19
2009-07-23,0.19
2009-07-24,0.18
2009-07-27,0.19
2009-07-28,0.19
2009-07-29,0.19
2009-07-30,0.18
2009-07-31,0.18
2009-08-03,0.19
2009-08-04,0.18
2009-08-05,0.18
2009-08-06,0.17
2009-08-07,0.19
2009-08-10,0.19
2009-08-11,0.18
2009-08-12,0.17
2009-08-13,0.17
2009-08-14,0.18
2009-08-17,0.18
2009-08-18,0.18
2009-08-19,0.17
2009-08-20,0.17
2009-08-21,0.17
2009-08-24,0.17
2009-08-25,0.17
2009-08-26,0.15
2009-08-27,0.15
2009-08-28,0.15
2009-08-31,0.15
2009-09-01,0.14
2009-09-02,0.14
2009-09-03,0.15
2009-09-04,0.14
2009-09-08,0.14
2009-09-09,0.14
2009-09-10,0.14
2009-09-11,0.14
2009-09-14,0.14
2009-09-15,0.13
2009-09-16,0.1
2009-09-17,0.1
2009-09-18,0.08
2009-09-21,0.11
2009-09-22,0.11
2009-09-23,0.11
2009-09-24,0.1
2009-09-25,0.1
2009-09-28,0.11
2009-09-29,0.13
2009-09-30,0.14
2009-10-01,0.1
2009-10-02,0.1
2009-10-05,0.08
2009-10-06,0.08
2009-10-07,0.09
2009-10-08,0.06
2009-10-09,0.07
2009-10-13,0.07
2009-10-14,0.07
2009-10-15,0.07
2009-10-16,0.07
2009-10-19,0.08
2009-10-20,0.08
2009-10-21,0.07
2009-10-22,0.06
2009-10-23,0.07
2009-10-26,0.08
2009-10-27,0.08
2009-10-28,0.07
2009-10-29,0.06
2009-10-30,0.05
2009-11-02,0.06
2009-11-03,0.06
2009-11-04,0.05
2009-11-05,0.04
2009-11-06,0.06
2009-11-09,0.07
2009-11-10,0.07
2009-11-12,0.07
2009-11-13,0.06
2009-11-16,0.07
2009-11-17,0.06
2009-11-18,0.04
2009-11-19,0.02
2009-11-20,0.02
2009-11-23,0.05
2009-11-24,0.05
2009-11-25,0.05
2009-11-27,0.03
2009-11-30,0.06
2009-12-01,0.06
2009-12-02,0.05
2009-12-03,0.06
2009-12-04,0.06
2009-12-07,0.04
2009-12-08,0.03
2009-12-09,0.03
2009-12-10,0.02
2009-12-11,0.03
2009-12-14,0.04
2009-12-15,0.05
2009-12-16,0.04
2009-12-17,0.04
2009-12-18,0.05
2009-12-21,0.08
2009-12-22,0.08
2009-12-23,0.07
2009-12-24,0.05
2009-12-28,0.11
2009-12-29,0.1
2009-12-30,0.05
2009-12-31,0.06
2010-01-04,0.08
2010-01-05,0.07
2010-01-06,0.06
2010-01-07,0.05
2010-01-08,0.05
2010-01-11,0.04
2010-01-12,0.05
2010-01-13,0.06
2010-01-14,0.05
2010-01-15,0.06
2010-01-19,0.06
2010-01-20,0.05
2010-01-21,0.06
2010-01-22,0.06
2010-01-25,0.06
2010-01-26,0.07
2010-01-27,0.08
2010-01-28,0.08
2010-01-29,0.08
2010-02-01,0.1
2010-02-02,0.1
2010-02-03,0.1
2010-02-04,0.09
2010-02-05,0.1
2010-02-08,0.12
2010-02-09,0.12
2010-02-10,0.11
2010-02-11,0.11
2010-02-12,0.1
2010-02-16,0.1
2010-02-17,0.1
2010-02-18,0.1
2010-02-19,0.11
2010-02-22,0.11
2010-02-23,0.12
2010-02-24,0.12
2010-02-25,0.13
2010-02-26,0.13
2010-03-01,0.13
2010-03-02,0.14
2010-03-03,0.14
2010-03-04,0.14
2010-03-05,0.15
2010-03-08,0.16
2010-03-09,0.16
2010-03-10,0.15
2010-03-11,0.16
2010-03-12,0.15
2010-03-15,0.17
2010-03-16,0.16
2010-03-17,0.15
2010-03-18,0.16
2010-03-19,0.16
2010-03-22,0.15
2010-03-23,0.14
2010-03-24,0.14
2010-03-25,0.14
2010-03-26,0.14
2010-03-29,0.15
2010-03-30,0.16
2010-03-31,0.16
2010-04-01,0.16
2010-04-02,0.16
2010-04-05,0.18
2010-04-06,0.17
2010-04-07,0.17
2010-04-08,0.17
2010-04-09,0.16
2010-04-12,0.16
2010-04-13,0.16
2010-04-14,0.16
2010-04-15,0.16
2010-04-16,0.16
2010-04-19,0.16
2010-04-20,0.16
2010-04-21,0.15
2010-04-22,0.16
2010-04-23,0.16
2010-04-26,0.16
2010-04-27,0.16
2010-04-28,0.16
2010-04-29,0.17
2010-04-30,0.16
2010-05-03,0.17
2010-05-04,0.16
2010-05-05,0.15
2010-05-06,0.11
2010-05-07,0.13
2010-05-10,0.16
2010-05-11,0.16
2010-05-12,0.16
2010-05-13,0.16
2010-05-14,0.16
2010-05-17,0.16
2010-05-18,0.17
2010-05-19,0.17
2010-05-20,0.17
2010-05-21,0.17
2010-05-24,0.17
2010-05-25,0.17
2010-05-26,0.17
2010-05-27,0.17
2010-05-28,0.16
2010-06-01,0.16
2010-06-02,0.16
2010-06-03,0.14
2010-06-04,0.14
2010-06-07,0.12
2010-06-08,0.12
2010-06-09,0.1
2010-06-10,0.1
2010-06-11,0.08
2010-06-14,0.07
2010-06-15,0.09
2010-06-16,0.1
2010-06-17,0.09
2010-06-18,0.11
2010-06-21,0.12
2010-06-22,0.13
2010-06-23,0.13
2010-06-24,0.13
2010-06-25,0.13
2010-06-28,0.17
2010-06-29,0.15
2010-06-30,0.18
2010-07-01,0.17
2010-07-02,0.17
2010-07-06,0.17
2010-07-07,0.16
2010-07-08,0.15
2010-07-09,0.16
2010-07-12,0.16
2010-07-13,0.15
2010-07-14,0.15
2010-07-15,0.15
2010-07-16,0.15
2010-07-19,0.17
2010-07-20,0.16
2010-07-21,0.16
2010-07-22,0.16
2010-07-23,0.16
2010-07-26,0.16
2010-07-27,0.15
2010-07-28,0.15
2010-07-29,0.15
2010-07-30,0.15
2010-08-02,0.16
2010-08-03,0.16
2010-08-04,0.16
2010-08-05,0.15
2010-08-06,0.15
2010-08-09,0.15
2010-08-10,0.15
2010-08-11,0.15
2010-08-12,0.16
2010-08-13,0.15
2010-08-16,0.16
2010-08-17,0.17
2010-08-18,0.16
2010-08-19,0.16
2010-08-20,0.15
2010-08-23,0.16
2010-08-24,0.16
2010-08-25,0.16
2010-08-26,0.16
2010-08-27,0.15
2010-08-30,0.14
2010-08-31,0.14
2010-09-01,0.13
2010-09-02,0.14
2010-09-03,0.14
2010-09-07,0.14
2010-09-08,0.14
2010-09-09,0.14
2010-09-10,0.14
2010-09-13,0.15
2010-09-14,0.15
2010-09-15,0.15
2010-09-16,0.16
2010-09-17,0.16
2010-09-20,0.17
2010-09-21,0.17
2010-09-22,0.16
2010-09-23,0.16
2010-09-24,0.15
2010-09-27,0.16
2010-09-28,0.16
2010-09-29,0.16
2010-09-30,0.16
2010-10-01,0.16
2010-10-04,0.13
2010-10-05,0.12
2010-10-06,0.13
2010-10-07,0.13
2010-10-08,0.12
2010-10-12,0.13
2010-10-13,0.13
2010-10-14,0.14
2010-10-15,0.14
2010-10-18,0.15
2010-10-19,0.14
2010-10-20,0.14
2010-10-21,0.13
2010-10-22,0.13
2010-10-25,0.14
2010-10-26,0.14
2010-10-27,0.14
2010-10-28,0.13
2010-10-29,0.12
2010-11-01,0.13
2010-11-02,0.13
2010-11-03,0.13
2010-11-04,0.13
2010-11-05,0.13
2010-11-08,0.13
2010-11-09,0.13
2010-11-10,0.13
2010-11-12,0.13
2010-11-15,0.14
2010-11-16,0.15
2010-11-17,0.14
2010-11-18,0.15
2010-11-19,0.14
2010-11-22,0.15
2010-11-23,0.15
2010-11-24,0.16
2010-11-26,0.16
2010-11-29,0.18
2010-11-30,0.17
2010-12-01,0.16
2010-12-02,0.16
2010-12-03,0.14
2010-12-06,0.15
2010-12-07,0.14
2010-12-08,0.15
2010-12-09,0.14
2010-12-10,0.13
2010-12-13,0.15
2010-12-14,0.15
2010-12-15,0.14
2010-12-16,0.13
2010-12-17,0.11
2010-12-20,0.14
2010-12-21,0.14
2010-12-22,0.14
2010-12-23,0.14
2010-12-27,0.17
2010-12-28,0.15
2010-12-29,0.13
2010-12-30,0.12
2010-12-31,0.12
2011-01-03,0.15
2011-01-04,0.14
2011-01-05,0.14
2011-01-06,0.15
2011-01-07,0.14
2011-01-10,0.15
2011-01-11,0.15
2011-01-12,0.15
2011-01-13,0.15
2011-01-14,0.15
2011-01-18,0.16
2011-01-19,0.16
2011-01-20,0.16
2011-01-21,0.16
2011-01-24,0.16
2011-01-25,0.16
2011-01-26,0.16
2011-01-27,0.15
2011-01-28,0.15
2011-01-31,0.15
2011-02-01,0.15
2011-02-02,0.16
2011-02-03,0.14
2011-02-04,0.15
2011-02-07,0.16
2011-02-08,0.15
2011-02-09,0.14
2011-02-10,0.12
2011-02-11,0.12
2011-02-14,0.13
2011-02-15,0.13
2011-02-16,0.12
2011-02-17,0.09
2011-02-18,0.1
2011-02-22,0.12
2011-02-23,0.12
2011-02-24,0.13
2011-02-25,0.13
2011-02-28,0.15
2011-03-01,0.14
2011-03-02,0.13
2011-03-03,0.13
2011-03-04,0.12
2011-03-07,0.11
2011-03-08,0.11
2011-03-09,0.1
2011-03-10,0.08
2011-03-11,0.08
2011-03-14,0.09
2011-03-15,0.1
2011-03-16,0.1
2011-03-17,0.08
2011-03-18,0.07
2011-03-21,0.1
2011-03-22,0.1
2011-03-23,0.09
2011-03-24,0.09
2011-03-25,0.09
2011-03-28,0.11
2011-03-29,0.1
2011-03-30,0.1
2011-03-31,0.09
2011-04-01,0.07
2011-04-04,0.06
2011-04-05,0.07
2011-04-06,0.06
2011-04-07,0.04
2011-04-08,0.04
2011-04-11,0.05
2011-04-12,0.05
2011-04-13,0.06
2011-04-14,0.07
2011-04-15,0.07
2011-04-18,0.07
2011-04-19,0.06
2011-04-20,0.06
2011-04-21,0.06
2011-04-25,0.07
2011-04-26,0.07
2011-04-27,0.06
2011-04-28,0.04
2011-04-29,0.04
2011-05-02,0.05
2011-05-03,0.03
2011-05-04,0.03
2011-05-05,0.02
2011-05-06,0.02
2011-05-09,0.03
2011-05-10,0.03
2011-05-11,0.03
2011-05-12,0.02
2011-05-13,0.03
2011-05-16,0.04
2011-05-17,0.04
2011-05-18,0.05
2011-05-19,0.05
2011-05-20,0.05
2011-05-23,0.06
2011-05-24,0.06
2011-05-25,0.06
2011-05-26,0.05
2011-05-27,0.05
2011-05-31,0.06
2011-06-01,0.05
2011-06-02,0.04
2011-06-03,0.04
2011-06-06,0.05
2011-06-07,0.05
2011-06-08,0.04
2011-06-09,0.05
2011-06-10,0.05
2011-06-13,0.05
2011-06-14,0.05
2011-06-15,0.05
2011-06-16,0.05
2011-06-17,0.04
2011-06-20,0.03
2011-06-21,0.03
2011-06-22,0.02
2011-06-23,0.01
2011-06-24,0.02
2011-06-27,0.02
2011-06-28,0.03
2011-06-29,0.02
2011-06-30,0.03
2011-07-01,0.02
2011-07-05,0.02
2011-07-06,0.01
2011-07-07,0.03
2011-07-08,0.03
2011-07-11,0.03
2011-07-12,0.03
2011-07-13,0.01
2011-07-14,0.01
2011-07-15,0.02
2011-07-18,0.02
2011-07-19,0.03
2011-07-20,0.02
2011-07-21,0.05
2011-07-22,0.05
2011-07-25,0.05
2011-07-26,0.07
2011-07-27,0.08
2011-07-28,0.07
2011-07-29,0.1
2011-08-01,0.1
2011-08-02,0.06
2011-08-03,0.02
2011-08-04,0.02
2011-08-05,0.01
2011-08-08,0.05
2011-08-09,0.03
2011-08-10,0.02
2011-08-11,0.03
2011-08-12,0.02
2011-08-15,0.02
2011-08-16,0.03
2011-08-17,0.01
2011-08-18,0.01
2011-08-19,0.02
2011-08-22,0.01
2011-08-23,0.01
2011-08-24,0.02
2011-08-25,0.01
2011-08-26,0.01
2011-08-29,0.02
2011-08-30,0.01
2011-08-31,0.02
2011-09-01,0.02
2011-09-02,0.02
2011-09-06,0.02
2011-09-07,0.02
2011-09-08,0.02
2011-09-09,0.01
2011-09-12,0.01
2011-09-13,0.01
2011-09-14,0.01
2011-09-15,0.01
2011-09-16,0.01
2011-09-19,0.01
2011-09-20,0.01
2011-09-21,0.01
2011-09-22,0.0
2011-09-23,0.01
2011-09-26,0.02
2011-09-27,0.01
2011-09-28,0.02
2011-09-29,0.02
2011-09-30,0.02
2011-10-03,0.02
2011-10-04,0.01
2011-10-05,0.0
2011-10-06,0.01
2011-10-07,0.01
2011-10-11,0.02
2011-10-12,0.02
2011-10-13,0.02
2011-10-14,0.02
2011-10-17,0.04
2011-10-18,0.04
2011-10-19,0.03
2011-10-20,0.03
2011-10-21,0.02
2011-10-24,0.02
2011-10-25,0.01
2011-10-26,0.02
2011-10-27,0.02
2011-10-28,0.01
2011-10-31,0.01
2011-11-01,0.01
2011-11-02,0.01
2011-11-03,0.01
2011-11-04,0.01
2011-11-07,0.01
2011-11-08,0.01
2011-11-09,0.01
2011-11-10,0.01
2011-11-14,0.01
2011-11-15,0.01
2011-11-16,0.01
2011-11-17,0.02
2011-11-18,0.01
2011-11-21,0.02
2011-11-22,0.02
2011-11-23,0.02
2011-11-25,0.02
2011-11-28,0.03
2011-11-29,0.02
2011-11-30,0.01
2011-12-01,0.01
2011-12-02,0.02
2011-12-05,0.01
2011-12-06,0.01
2011-12-07,0.02
2011-12-08,0.01
2011-12-09,0.01
2011-12-12,0.01
2011-12-13,0.01
2011-12-14,0.01
2011-12-15,0.0
2011-12-16,0.0
2011-12-19,0.01
2011-12-20,0.01
2011-12-21,0.01
2011-12-22,0.01
2011-12-23,0.01
2011-12-27,0.02
2011-12-28,0.01
2011-12-29,0.02
2011-12-30,0.02
2012-01-03,0.02
2012-01-04,0.02
2012-01-05,0.02
2012-01-06,0.02
2012-01-09,0.01
2012-01-10,0.02
2012-01-11,0.02
2012-01-12,0.03
2012-01-13,0.03
2012-01-17,0.03
2012-01-18,0.03
2012-01-19,0.05
2012-01-20,0.05
2012-01-23,0.04
2012-01-24,0.04
2012-01-25,0.04
2012-01-26,0.05
2012-01-27,0.06
2012-01-30,0.05
2012-01-31,0.06
2012-02-01,0.06
2012-02-02,0.08
2012-02-03,0.08
2012-02-06,0.08
2012-02-07,0.08
2012-02-08,0.09
2012-02-09,0.09
2012-02-10,0.09
2012-02-13,0.11
2012-02-14,0.12
2012-02-15,0.11
2012-02-16,0.1
2012-02-17,0.09
2012-02-21,0.08
2012-02-22,0.09
2012-02-23,0.09
2012-02-24,0.1
2012-02-27,0.12
2012-02-28,0.1
2012-02-29,0.08
2012-03-01,0.08
2012-03-02,0.07
2012-03-05,0.08
2012-03-06,0.08
2012-03-07,0.08
2012-03-08,0.08
2012-03-09,0.09
2012-03-12,0.09
2012-03-13,0.08
2012-03-14,0.09
2012-03-15,0.08
2012-03-16,0.09
2012-03-19,0.1
2012-03-20,0.1
2012-03-21,0.09
2012-03-22,0.08
2012-03-23,0.08
2012-03-26,0.09
2012-03-27,0.09
2012-03-28,0.09
2012-03-29,0.07
2012-03-30,0.07
2012-04-02,0.08
2012-04-03,0.08
2012-04-04,0.08
2012-04-05,0.08
2012-04-06,0.07
2012-04-09,0.09
2012-04-10,0.09
2012-04-11,0.09
2012-04-12,0.09
2012-04-13,0.09
2012-04-16,0.08
2012-04-17,0.08
2012-04-18,0.07
2012-04-19,0.07
2012-04-20,0.08
2012-04-23,0.08
2012-04-24,0.09
2012-04-25,0.09
2012-04-26,0.09
2012-04-27,0.09
2012-04-30,0.1
2012-05-01,0.09
2012-05-02,0.08
2012-05-03,0.09
2012-05-04,0.07
2012-05-07,0.1
2012-05-08,0.09
2012-05-09,0.09
2012-05-10,0.1
2012-05-11,0.1
2012-05-14,0.1
2012-05-15,0.09
2012-05-16,0.1
2012-05-17,0.1
2012-05-18,0.08
2012-05-21,0.09
2012-05-22,0.09
2012-05-23,0.09
2012-05-24,0.1
2012-05-25,0.09
2012-05-29,0.09
2012-05-30,0.07
2012-05-31,0.07
2012-06-01,0.07
2012-06-04,0.08
2012-06-05,0.08
2012-06-06,0.09
2012-06-07,0.09
2012-06-08,0.09
2012-06-11,0.09
2012-06-12,0.1
2012-06-13,0.1
2012-06-14,0.11
2012-06-15,0.09
2012-06-18,0.1
2012-06-19,0.09
2012-06-20,0.09
2012-06-21,0.09
2012-06-22,0.09
2012-06-25,0.1
2012-06-26,0.1
2012-06-27,0.09
2012-06-28,0.09
2012-06-29,0.09
2012-07-02,0.1
2012-07-03,0.09
2012-07-05,0.08
2012-07-06,0.08
2012-07-09,0.09
2012-07-10,0.09
2012-07-11,0.1
2012-07-12,0.1
2012-07-13,0.1
2012-07-16,0.1
2012-07-17,0.1
2012-07-18,0.09
2012-07-19,0.09
2012-07-20,0.09
2012-07-23,0.1
2012-07-24,0.1
2012-07-25,0.1
2012-07-26,0.11
2012-07-27,0.11
2012-07-30,0.11
2012-07-31,0.11
2012-08-01,0.1
2012-08-02,0.09
2012-08-03,0.09
2012-08-06,0.1
2012-08-07,0.11
2012-08-08,0.11
2012-08-09,0.11
2012-08-10,0.1
2012-08-13,0.11
2012-08-14,0.11
2012-08-15,0.09
2012-08-16,0.09
2012-08-17,0.09
2012-08-20,0.11
2012-08-21,0.11
2012-08-22,0.11
2012-08-23,0.11
2012-08-24,0.1
2012-08-27,0.11
2012-08-28,0.1
2012-08-29,0.12
2012-08-30,0.1
2012-08-31,0.09
2012-09-04,0.1
2012-09-05,0.11
2012-09-06,0.11
2012-09-07,0.11
2012-09-10,0.1
2012-09-11,0.1
2012-09-12,0.1
2012-09-13,0.1
2012-09-14,0.11
2012-09-17,0.11
2012-09-18,0.1
2012-09-19,0.11
2012-09-20,0.11
2012-09-21,0.11
2012-09-24,0.11
2012-09-25,0.11
2012-09-26,0.11
2012-09-27,0.09
2012-09-28,0.1
2012-10-01,0.09
2012-10-02,0.09
2012-10-03,0.09
2012-10-04,0.1
2012-10-05,0.11
2012-10-09,0.1
2012-10-10,0.1
2012-10-11,0.1
2012-10-12,0.11
2012-10-15,0.11
2012-10-16,0.09
2012-10-17,0.11
2012-10-18,0.1
2012-10-19,0.1
2012-10-22,0.1
2012-10-23,0.11
2012-10-24,0.11
2012-10-25,0.11
2012-10-26,0.12
2012-10-29,0.14
2012-10-31,0.11
2012-11-01,0.09
2012-11-02,0.09
2012-11-05,0.11
2012-11-06,0.1
2012-11-07,0.1
2012-11-08,0.1
2012-11-09,0.09
2012-11-13,0.11
2012-11-14,0.1
2012-11-15,0.08
2012-11-16,0.06
2012-11-19,0.09
2012-11-20,0.08
2012-11-21,0.1
2012-11-23,0.1
2012-11-26,0.1
2012-11-27,0.1
2012-11-28,0.1
2012-11-29,0.09
2012-11-30,0.08
2012-12-03,0.1
2012-12-04,0.1
2012-12-05,0.1
2012-12-06,0.1
2012-12-07,0.09
2012-12-10,0.09
2012-12-11,0.08
2012-12-12,0.07
2012-12-13,0.06
2012-12-14,0.04
2012-12-17,0.05
2012-12-18,0.06
2012-12-19,0.05
2012-12-20,0.06
2012-12-21,0.06
2012-12-24,0.06
2012-12-26,0.09
2012-12-27,0.08
2012-12-28,0.01
2012-12-31,0.05
2013-01-02,0.08
2013-01-03,0.08
2013-01-04,0.07
2013-01-07,0.07
2013-01-08,0.07
2013-01-09,0.06
2013-01-10,0.06
2013-01-11,0.07
2013-01-14,0.08
2013-01-15,0.09
2013-01-16,0.08
2013-01-17,0.07
2013-01-18,0.08
2013-01-22,0.08
2013-01-23,0.08
2013-01-24,0.08
2013-01-25,0.08
2013-01-28,0.07
2013-01-29,0.07
2013-01-30,0.07
2013-01-31,0.07
2013-02-01,0.06
2013-02-04,0.07
2013-02-05,0.07
2013-02-06,0.07
2013-02-07,0.07
2013-02-08,0.07
2013-02-11,0.09
2013-02-12,0.09
2013-02-13,0.1
2013-02-14,0.11
2013-02-15,0.1
2013-02-19,0.12
2013-02-20,0.12
2013-02-21,0.13
2013-02-22,0.13
2013-02-25,0.12
2013-02-26,0.14
2013-02-27,0.11
2013-02-28,0.11
2013-03-01,0.11
2013-03-04,0.11
2013-03-05,0.08
2013-03-06,0.1
2013-03-07,0.1
2013-03-08,0.1
2013-03-11,0.1
2013-03-12,0.1
2013-03-13,0.09
2013-03-14,0.1
2013-03-15,0.09
2013-03-18,0.07
2013-03-19,0.07
2013-03-20,0.07
2013-03-21,0.07
2013-03-22,0.07
2013-03-25,0.08
2013-03-26,0.07
2013-03-27,0.09
2013-03-28,0.07
2013-04-01,0.08
2013-04-02,0.07
2013-04-03,0.06
2013-04-04,0.07
2013-04-05,0.07
2013-04-08,0.07
2013-04-09,0.06
2013-04-10,0.07
2013-04-11,0.07
2013-04-12,0.06
2013-04-15,0.06
2013-04-16,0.06
2013-04-17,0.06
2013-04-18,0.05
2013-04-19,0.05
2013-04-22,0.05
2013-04-23,0.05
2013-04-24,0.06
2013-04-25,0.05
2013-04-26,0.05
2013-04-29,0.05
2013-04-30,0.05
2013-05-01,0.06
2013-05-02,0.05
2013-05-03,0.05
2013-05-06,0.04
2013-05-07,0.04
2013-05-08,0.04
2013-05-09,0.04
2013-05-10,0.04
2013-05-13,0.05
2013-05-14,0.05
2013-05-15,0.04
2013-05-16,0.03
2013-05-17,0.04
2013-05-20,0.05
2013-05-21,0.04
2013-05-22,0.04
2013-05-23,0.05
2013-05-24,0.04
2013-05-28,0.05
2013-05-29,0.05
2013-05-30,0.04
2013-05-31,0.04
2013-06-03,0.05
2013-06-04,0.04
2013-06-05,0.05
2013-06-06,0.05
2013-06-07,0.04
2013-06-10,0.05
2013-06-11,0.05
2013-06-12,0.05
2013-06-13,0.05
2013-06-14,0.05
2013-06-17,0.05
2013-06-18,0.05
2013-06-19,0.05
2013-06-20,0.05
2013-06-21,0.05
2013-06-24,0.06
2013-06-25,0.06
2013-06-26,0.06
2013-06-27,0.06
2013-06-28,0.04
2013-07-01,0.04
2013-07-02,0.03
2013-07-03,0.05
2013-07-05,0.04
2013-07-08,0.05
2013-07-09,0.04
2013-07-10,0.04
2013-07-11,0.04
2013-07-12,0.04
2013-07-15,0.04
2013-07-16,0.03
2013-07-17,0.03
2013-07-18,0.03
2013-07-19,0.03
2013-07-22,0.04
2013-07-23,0.02
2013-07-24,0.03
2013-07-25,0.02
2013-07-26,0.03
2013-07-29,0.03
2013-07-30,0.04
2013-07-31,0.04
2013-08-01,0.04
2013-08-02,0.04
2013-08-05,0.05
2013-08-06,0.04
2013-08-07,0.05
2013-08-08,0.05
2013-08-09,0.05
2013-08-12,0.06
2013-08-13,0.06
2013-08-14,0.05
2013-08-15,0.05
2013-08-16,0.05
2013-08-19,0.06
2013-08-20,0.04
2013-08-21,0.04
2013-08-22,0.03
2013-08-23,0.03
2013-08-26,0.04
2013-08-27,0.05
2013-08-28,0.03
2013-08-29,0.02
2013-08-30,0.03
2013-09-03,0.02
2013-09-04,0.02
2013-09-05,0.02
2013-09-06,0.02
2013-09-09,0.02
2013-09-10,0.02
2013-09-11,0.02
2013-09-12,0.01
2013-09-13,0.01
2013-09-16,0.02
2013-09-17,0.01
2013-09-18,0.01
2013-09-19,0.01
2013-09-20,0.01
2013-09-23,0.02
2013-09-24,0.02
2013-09-25,0.02
2013-09-26,0.0
2013-09-27,0.02
2013-09-30,0.02
2013-10-01,0.02
2013-10-02,0.02
2013-10-03,0.03
2013-10-04,0.03
2013-10-07,0.03
2013-10-08,0.05
2013-10-09,0.05
2013-10-10,0.05
2013-10-11,0.08
2013-10-15,0.14
2013-10-16,0.1
2013-10-17,0.05
2013-10-18,0.04
2013-10-21,0.04
2013-10-22,0.04
2013-10-23,0.04
2013-10-24,0.03
2013-10-25,0.04
2013-10-28,0.04
2013-10-29,0.04
2013-10-30,0.04
2013-10-31,0.04
2013-11-01,0.04
2013-11-04,0.05
2013-11-05,0.05
2013-11-06,0.05
2013-11-07,0.05
2013-11-08,0.06
2013-11-12,0.08
2013-11-13,0.08
2013-11-14,0.08
2013-11-15,0.08
2013-11-18,0.09
2013-11-19,0.08
2013-11-20,0.08
2013-11-21,0.07
2013-11-22,0.07
2013-11-25,0.08
2013-11-26,0.07
2013-11-27,0.07
2013-11-29,0.06
2013-12-02,0.05
2013-12-03,0.06
2013-12-04,0.06
2013-12-05,0.06
2013-12-06,0.06
2013-12-09,0.07
2013-12-10,0.07
2013-12-11,0.07
2013-12-12,0.07
2013-12-13,0.07
2013-12-16,0.07
2013-12-17,0.07
2013-12-18,0.07
2013-12-19,0.06
2013-12-20,0.07
2013-12-23,0.07
2013-12-24,0.07
2013-12-26,0.07
2013-12-27,0.07
2013-12-30,0.07
2013-12-31,0.07
2014-01-02,0.07
2014-01-03,0.07
2014-01-06,0.05
2014-01-07,0.04
2014-01-08,0.05
2014-01-09,0.04
2014-01-10,0.05
2014-01-13,0.03
2014-01-14,0.04
2014-01-15,0.04
2014-01-16,0.04
2014-01-17,0.05
2014-01-21,0.04
2014-01-22,0.04
2014-01-23,0.04
2014-01-24,0.04
2014-01-27,0.05
2014-01-28,0.05
2014-01-29,0.04
2014-01-30,0.02
2014-01-31,0.02
2014-02-03,0.05
2014-02-04,0.06
2014-02-05,0.07
2014-02-06,0.07
2014-02-07,0.08
2014-02-10,0.07
2014-02-11,0.05
2014-02-12,0.05
2014-02-13,0.03
2014-02-14,0.02
2014-02-18,0.05
2014-02-19,0.06
2014-02-20,0.05
2014-02-21,0.05
2014-02-24,0.05
2014-02-25,0.05
2014-02-26,0.05
2014-02-27,0.04
2014-02-28,0.05
2014-03-03,0.05
2014-03-04,0.05
2014-03-05,0.06
2014-03-06,0.05
2014-03-07,0.06
2014-03-10,0.05
2014-03-11,0.05
2014-03-12,0.05
2014-03-13,0.05
2014-03-14,0.05
2014-03-17,0.06
2014-03-18,0.05
2014-03-19,0.06
2014-03-20,0.06
2014-03-21,0.06
2014-03-24,0.06
2014-03-25,0.05
2014-03-26,0.05
2014-03-27,0.04
2014-03-28,0.04
2014-03-31,0.05
2014-04-01,0.04
2014-04-02,0.02
2014-04-03,0.02
2014-04-04,0.03
2014-04-07,0.03
2014-04-08,0.03
2014-04-09,0.04
2014-04-10,0.04
2014-04-11,0.04
2014-04-14,0.04
2014-04-15,0.04
2014-04-16,0.04
2014-04-17,0.03
2014-04-21,0.04
2014-04-22,0.03
2014-04-23,0.02
2014-04-24,0.01
2014-04-25,0.03
2014-04-28,0.03
2014-04-29,0.02
2014-04-30,0.03
2014-05-01,0.03
2014-05-02,0.02
2014-05-05,0.03
2014-05-06,0.03
2014-05-07,0.03
2014-05-08,0.03
2014-05-09,0.03
2014-05-12,0.03
2014-05-13,0.03
2014-05-14,0.03
2014-05-15,0.03
2014-05-16,0.03
2014-05-19,0.03
2014-05-20,0.03
2014-05-21,0.04
2014-05-22,0.03
2014-05-23,0.04
2014-05-27,0.04
2014-05-28,0.04
2014-05-29,0.04
2014-05-30,0.04
2014-06-02,0.04
2014-06-03,0.04
2014-06-04,0.04
2014-06-05,0.04
2014-06-06,0.04
2014-06-09,0.04
2014-06-10,0.04
2014-06-11,0.04
2014-06-12,0.04
2014-06-13,0.04
2014-06-16,0.04
2014-06-17,0.04
2014-06-18,0.03
2014-06-19,0.02
2014-06-20,0.02
2014-06-23,0.03
2014-06-24,0.03
2014-06-25,0.03
2014-06-26,0.04
2014-06-27,0.03
2014-06-30,0.04
2014-07-01,0.02
2014-07-02,0.02
2014-07-03,0.01
2014-07-07,0.04
2014-07-08,0.03
2014-07-09,0.03
2014-07-10,0.02
2014-07-11,0.02
2014-07-14,0.03
2014-07-15,0.02
2014-07-16,0.02
2014-07-17,0.02
2014-07-18,0.02
2014-07-21,0.03
2014-07-22,0.03
2014-07-23,0.03
2014-07-24,0.03
2014-07-25,0.03
2014-07-28,0.04
2014-07-29,0.02
2014-07-30,0.04
2014-07-31,0.03
2014-08-01,0.03
2014-08-04,0.04
2014-08-05,0.03
2014-08-06,0.03
2014-08-07,0.03
2014-08-08,0.03
2014-08-11,0.04
2014-08-12,0.03
2014-08-13,0.04
2014-08-14,0.04
2014-08-15,0.03
2014-08-18,0.03
2014-08-19,0.03
2014-08-20,0.04
2014-08-21,0.02
2014-08-22,0.03
2014-08-25,0.04
2014-08-26,0.03
2014-08-27,0.04
2014-08-28,0.03
2014-08-29,0.03
2014-09-02,0.03
2014-09-03,0.03
2014-09-04,0.03
2014-09-05,0.03
2014-09-08,0.02
2014-09-09,0.02
2014-09-10,0.02
2014-09-11,0.02
2014-09-12,0.02
2014-09-15,0.02
2014-09-16,0.02
2014-09-17,0.02
2014-09-18,0.02
2014-09-19,0.02
2014-09-22,0.01
2014-09-23,0.01
2014-09-24,0.02
2014-09-25,0.01
2014-09-26,0.01
2014-09-29,0.02
2014-09-30,0.02
2014-10-01,0.02
2014-10-02,0.01
2014-10-03,0.01
2014-10-06,0.02
2014-10-07,0.02
2014-10-08,0.01
2014-10-09,0.01
2014-10-10,0.01
2014-10-14,0.02
2014-10-15,0.02
2014-10-16,0.03
2014-10-17,0.02
2014-10-20,0.02
2014-10-21,0.02
2014-10-22,0.02
2014-10-23,0.01
2014-10-24,0.01
2014-10-27,0.02
2014-10-28,0.02
2014-10-29,0.03
2014-10-30,0.01
2014-10-31,0.01
2014-11-03,0.02
2014-11-04,0.03
2014-11-05,0.03
2014-11-06,0.03
2014-11-07,0.03
2014-11-10,0.02
2014-11-12,0.02
2014-11-13,0.02
2014-11-14,0.02
2014-11-17,0.03
2014-11-18,0.02
2014-11-19,0.01
2014-11-20,0.02
2014-11-21,0.01
2014-11-24,0.02
2014-11-25,0.02
2014-11-26,0.02
2014-11-28,0.02
2014-12-01,0.03
2014-12-02,0.03
2014-12-03,0.01
2014-12-04,0.02
2014-12-05,0.02
2014-12-08,0.03
2014-12-09,0.04
2014-12-10,0.03
2014-12-11,0.03
2014-12-12,0.02
2014-12-15,0.04
2014-12-16,0.03
2014-12-17,0.03
2014-12-18,0.04
2014-12-19,0.04
2014-12-22,0.05
2014-12-23,0.03
2014-12-24,0.01
2014-12-26,0.01
2014-12-29,0.03
2014-12-30,0.03
2014-12-31,0.04
2015-01-02,0.02
2015-01-05,0.03
2015-01-06,0.03
2015-01-07,0.03
2015-01-08,0.03
2015-01-09,0.02
2015-01-12,0.03
2015-01-13,0.03
2015-01-14,0.04
2015-01-15,0.03
2015-01-16,0.03
2015-01-20,0.03
2015-01-21,0.03
2015-01-22,0.03
2015-01-23,0.02
2015-01-26,0.03
2015-01-27,0.02
2015-01-28,0.02
2015-01-29,0.03
2015-01-30,0.02
2015-02-02,0.02
2015-02-03,0.02
2015-02-04,0.01
2015-02-05,0.02
2015-02-06,0.02
2015-02-09,0.01
2015-02-10,0.01
2015-02-11,0.01
2015-02-12,0.02
2015-02-13,0.01
2015-02-17,0.02
2015-02-18,0.02
2015-02-19,0.02
2015-02-20,0.02
2015-02-23,0.02
2015-02-24,0.02
2015-02-25,0.02
2015-02-26,0.03
2015-02-27,0.02
2015-03-02,0.02
2015-03-03,0.02
2015-03-04,0.01
2015-03-05,0.02
2015-03-06,0.01
2015-03-09,0.02
2015-03-10,0.02
2015-03-11,0.03
2015-03-12,0.03
2015-03-13,0.03
2015-03-16,0.05
2015-03-17,0.05
2015-03-18,0.03
2015-03-19,0.03
2015-03-20,0.01
2015-03-23,0.03
2015-03-24,0.02
2015-03-25,0.04
2015-03-26,0.03
2015-03-27,0.04
2015-03-30,0.04
2015-03-31,0.03
2015-04-01,0.03
2015-04-02,0.02
2015-04-03,0.02
2015-04-06,0.03
2015-04-07,0.02
2015-04-08,0.03
2015-04-09,0.03
2015-04-10,0.02
2015-04-13,0.03
2015-04-14,0.02
2015-04-15,0.02
2015-04-16,0.02
2015-04-17,0.01
2015-04-20,0.03
2015-04-21,0.03
2015-04-22,0.03
2015-04-23,0.03
2015-04-24,0.03
2015-04-27,0.02
2015-04-28,0.02
2015-04-29,0.01
2015-04-30,0.01
2015-05-01,0.01
2015-05-04,0.02
2015-05-05,0.01
2015-05-06,0.02
2015-05-07,0.01
2015-05-08,0.01
2015-05-11,0.02
2015-05-12,0.03
2015-05-13,0.02
2015-05-14,0.01
2015-05-15,0.02
2015-05-18,0.02
2015-05-19,0.02
2015-05-20,0.02
2015-05-21,0.02
2015-05-22,0.02
2015-05-26,0.02
2015-05-27,0.01
2015-05-28,0.01
2015-05-29,0.01
2015-06-01,0.02
2015-06-02,0.01
2015-06-03,0.02
2015-06-04,0.02
2015-06-05,0.03
2015-06-08,0.02
2015-06-09,0.02
2015-06-10,0.02
2015-06-11,0.01
2015-06-12,0.02
2015-06-15,0.02
2015-06-16,0.01
2015-06-17,0.01
2015-06-18,0.01
2015-06-19,0.01
2015-06-22,0.01
2015-06-23,0.01
2015-06-24,0.01
2015-06-25,0.01
2015-06-26,0.01
2015-06-29,0.02
2015-06-30,0.01
2015-07-01,0.01
2015-07-02,0.01
2015-07-06,0.02
2015-07-07,0.02
2015-07-08,0.02
2015-07-09,0.03
2015-07-10,0.01
2015-07-13,0.02
2015-07-14,0.01
2015-07-15,0.02
2015-07-16,0.02
2015-07-17,0.03
2015-07-20,0.04
2015-07-21,0.03
2015-07-22,0.04
2015-07-23,0.03
2015-07-24,0.04
2015-07-27,0.05
2015-07-28,0.05
2015-07-29,0.06
2015-07-30,0.07
2015-07-31,0.08
2015-08-03,0.08
2015-08-04,0.08
2015-08-05,0.08
2015-08-06,0.04
2015-08-07,0.06
2015-08-10,0.12
2015-08-11,0.1
2015-08-12,0.1
2015-08-13,0.1
2015-08-14,0.09
2015-08-17,0.1
2015-08-18,0.07
2015-08-19,0.05
2015-08-20,0.02
2015-08-21,0.03
2015-08-24,0.06
2015-08-25,0.07
2015-08-26,0.06
2015-08-27,0.06
2015-08-28,0.06
2015-08-31,0.08
2015-09-01,0.03
2015-09-02,0.03
2015-09-03,0.02
2015-09-04,0.02
2015-09-08,0.06
2015-09-09,0.03
2015-09-10,0.02
2015-09-11,0.04
2015-09-14,0.07
2015-09-15,0.07
2015-09-16,0.06
2015-09-17,0.01
2015-09-18,0.0
2015-09-21,0.01
2015-09-22,0.0
2015-09-23,0.01
2015-09-24,0.01
2015-09-25,0.0
2015-09-28,0.01
2015-09-29,0.01
2015-09-30,0.0
2015-10-01,0.0
2015-10-02,0.0
2015-10-05,0.01
2015-10-06,0.0
2015-10-07,0.0
2015-10-08,0.0
2015-10-09,0.01
2015-10-13,0.01
2015-10-14,0.0
2015-10-15,0.01
2015-10-16,0.01
2015-10-19,0.02
2015-10-20,0.02
2015-10-21,0.01
2015-10-22,0.0
2015-10-23,0.01
2015-10-26,0.02
2015-10-27,0.03
2015-10-28,0.04
2015-10-29,0.07
2015-10-30,0.08
2015-11-02,0.08
2015-11-03,0.06
2015-11-04,0.05
2015-11-05,0.05
2015-11-06,0.08
2015-11-09,0.14
2015-11-10,0.13
2015-11-12,0.14
2015-11-13,0.14
2015-11-16,0.15
2015-11-17,0.14
2015-11-18,0.12
2015-11-19,0.11
2015-11-20,0.12
2015-11-23,0.14
2015-11-24,0.16
2015-11-25,0.19
2015-11-27,0.18
2015-11-30,0.22
2015-12-01,0.21
2015-12-02,0.21
2015-12-03,0.21
2015-12-04,0.23
2015-12-07,0.29
2015-12-08,0.27
2015-12-09,0.26
2015-12-10,0.24
2015-12-11,0.23
2015-12-14,0.26
2015-12-15,0.25
2015-12-16,0.27
2015-12-17,0.23
2015-12-18,0.19
2015-12-21,0.24
2015-12-22,0.21
2015-12-23,0.2
2015-12-24,0.2
2015-12-28,0.23
2015-12-29,0.23
2015-12-30,0.21
2015-12-31,0.16
2016-01-04,0.22
2016-01-05,0.2
2016-01-06,0.21
2016-01-07,0.2
2016-01-08,0.2
2016-01-11,0.21
2016-01-12,0.21
2016-01-13,0.22
2016-01-14,0.25
2016-01-15,0.24
2016-01-19,0.26
2016-01-20,0.26
2016-01-21,0.28
2016-01-22,0.31
2016-01-25,0.31
2016-01-26,0.31
2016-01-27,0.32
2016-01-28,0.35
2016-01-29,0.33
2016-02-01,0.35
2016-02-02,0.34
2016-02-03,0.33
2016-02-04,0.29
2016-02-05,0.3
2016-02-08,0.32
2016-02-09,0.3
2016-02-10,0.31
2016-02-11,0.28
2016-02-12,0.3
2016-02-16,0.3
2016-02-17,0.3
2016-02-18,0.3
2016-02-19,0.31
2016-02-22,0.33
2016-02-23,0.32
2016-02-24,0.33
2016-02-25,0.32
2016-02-26,0.33
2016-02-29,0.33
2016-03-01,0.33
2016-03-02,0.36
2016-03-03,0.28
2016-03-04,0.29
2016-03-07,0.32
2016-03-08,0.29
2016-03-09,0.3
2016-03-10,0.32
2016-03-11,0.33
2016-03-14,0.34
2016-03-15,0.34
2016-03-16,0.31
2016-03-17,0.29
2016-03-18,0.3
2016-03-21,0.31
2016-03-22,0.3
2016-03-23,0.3
2016-03-24,0.3
2016-03-28,0.29
2016-03-29,0.23
2016-03-30,0.2
2016-03-31,0.21
2016-04-01,0.23
2016-04-04,0.23
2016-04-05,0.23
2016-04-06,0.23
2016-04-07,0.23
2016-04-08,0.23
2016-04-11,0.23
2016-04-12,0.22
2016-04-13,0.23
2016-04-14,0.22
2016-04-15,0.22
2016-04-18,0.22
2016-04-19,0.21
2016-04-20,0.23
2016-04-21,0.23
2016-04-22,0.23
2016-04-25,0.25
2016-04-26,0.24
2016-04-27,0.24
2016-04-28,0.22
2016-04-29,0.22
2016-05-02,0.22
2016-05-03,0.21
2016-05-04,0.19
2016-05-05,0.2
2016-05-06,0.19
2016-05-09,0.24
2016-05-10,0.24
2016-05-11,0.26
2016-05-12,0.27
2016-05-13,0.29
2016-05-16,0.28
2016-05-17,0.28
2016-05-18,0.3
2016-05-19,0.31
2016-05-20,0.33
2016-05-23,0.35
2016-05-24,0.35
2016-05-25,0.33
2016-05-26,0.31
2016-05-27,0.32
2016-05-31,0.34
2016-06-01,0.3
2016-06-02,0.29
2016-06-03,0.3
2016-06-06,0.28
2016-06-07,0.28
2016-06-08,0.24
2016-06-09,0.26
2016-06-10,0.26
2016-06-13,0.27
2016-06-14,0.27
2016-06-15,0.26
2016-06-16,0.27
2016-06-17,0.27
2016-06-20,0.28
2016-06-21,0.27
2016-06-22,0.27
2016-06-23,0.31
2016-06-24,0.27
2016-06-27,0.27
2016-06-28,0.26
2016-06-29,0.26
2016-06-30,0.26
2016-07-01,0.28
2016-07-05,0.28
2016-07-06,0.27
2016-07-07,0.29
2016-07-08,0.28
2016-07-11,0.31
2016-07-12,0.29
2016-07-13,0.31
2016-07-14,0.32
2016-07-15,0.32
2016-07-18,0.32
2016-07-19,0.31
2016-07-20,0.32
2016-07-21,0.32
2016-07-22,0.33
2016-07-25,0.32
2016-07-26,0.31
2016-07-27,0.31
2016-07-28,0.25
2016-07-29,0.28
2016-08-01,0.29
2016-08-02,0.29
2016-08-03,0.28
2016-08-04,0.26
2016-08-05,0.28
2016-08-08,0.31
2016-08-09,0.29
2016-08-10,0.28
2016-08-11,0.28
2016-08-12,0.29
2016-08-15,0.31
2016-08-16,0.27
2016-08-17,0.3
2016-08-18,0.3
2016-08-19,0.3
2016-08-22,0.29
2016-08-23,0.3
2016-08-24,0.31
2016-08-25,0.33
2016-08-26,0.34
2016-08-29,0.33
2016-08-30,0.33
2016-08-31,0.33
2016-09-01,0.33
2016-09-02,0.33
2016-09-06,0.32
2016-09-07,0.34
2016-09-08,0.35
2016-09-09,0.35
2016-09-12,0.37
2016-09-13,0.36
2016-09-14,0.33
2016-09-15,0.29
2016-09-16,0.3
2016-09-19,0.3
2016-09-20,0.3
2016-09-21,0.22
2016-09-22,0.18
2016-09-23,0.18
2016-09-26,0.25
2016-09-27,0.26
2016-09-28,0.27
2016-09-29,0.26
2016-09-30,0.29
2016-10-03,0.32
2016-10-04,0.33
2016-10-05,0.32
2016-10-06,0.33
2016-10-07,0.33
2016-10-11,0.35
2016-10-12,0.37
2016-10-13,0.3
2016-10-14,0.32
2016-10-17,0.34
2016-10-18,0.34
2016-10-19,0.35
2016-10-20,0.35
2016-10-21,0.34
2016-10-24,0.33
2016-10-25,0.34
2016-10-26,0.33
2016-10-27,0.3
2016-10-28,0.3
2016-10-31,0.34
2016-11-01,0.35
2016-11-02,0.37
2016-11-03,0.38
2016-11-04,0.38
2016-11-07,0.41
2016-11-08,0.43
2016-11-09,0.45
2016-11-10,0.48
2016-11-14,0.55
2016-11-15,0.51
2016-11-16,0.47
2016-11-17,0.44
2016-11-18,0.44
2016-11-21,0.46
2016-11-22,0.49
2016-11-23,0.51
2016-11-25,0.49
2016-11-28,0.48
2016-11-29,0.48
2016-11-30,0.48
2016-12-01,0.48
2016-12-02,0.49
2016-12-05,0.49
2016-12-06,0.49
2016-12-07,0.52
2016-12-08,0.51
2016-12-09,0.54
2016-12-12,0.51
2016-12-13,0.54
2016-12-14,0.55
2016-12-15,0.51
2016-12-16,0.51
2016-12-19,0.52
2016-12-20,0.52
2016-12-21,0.52
2016-12-22,0.51
2016-12-23,0.52
2016-12-27,0.51
2016-12-28,0.53
2016-12-29,0.47
2016-12-30,0.51
2017-01-03,0.53
2017-01-04,0.53
2017-01-05,0.52
2017-01-06,0.53
2017-01-09,0.5
2017-01-10,0.52
2017-01-11,0.52
2017-01-12,0.52
2017-01-13,0.53
2017-01-17,0.55
2017-01-18,0.53
2017-01-19,0.52
2017-01-20,0.5
2017-01-23,0.51
2017-01-24,0.51
2017-01-25,0.5
2017-01-26,0.51
2017-01-27,0.52
2017-01-30,0.51
2017-01-31,0.52
2017-02-01,0.51
2017-02-02,0.52
2017-02-03,0.51
2017-02-06,0.53
2017-02-07,0.53
2017-02-08,0.54
2017-02-09,0.54
2017-02-10,0.55
2017-02-13,0.52
2017-02-14,0.54
2017-02-15,0.54
2017-02-16,0.53
2017-02-17,0.53
2017-02-21,0.53
2017-02-22,0.52
2017-02-23,0.51
2017-02-24,0.52
2017-02-27,0.5
2017-02-28,0.53
2017-03-01,0.63
2017-03-02,0.67
2017-03-03,0.71
2017-03-06,0.74
2017-03-07,0.76
2017-03-08,0.73
2017-03-09,0.73
2017-03-10,0.75
2017-03-13,0.79
2017-03-14,0.78
2017-03-15,0.73
2017-03-16,0.73
2017-03-17,0.73
2017-03-20,0.76
2017-03-21,0.77
2017-03-22,0.77
2017-03-23,0.76
2017-03-24,0.78
2017-03-27,0.78
2017-03-28,0.78
2017-03-29,0.78
2017-03-30,0.78
2017-03-31,0.76
2017-04-03,0.79
2017-04-04,0.79
2017-04-05,0.8
2017-04-06,0.79
2017-04-07,0.82
2017-04-10,0.82
2017-04-11,0.82
2017-04-12,0.81
2017-04-13,0.81
2017-04-17,0.83
2017-04-18,0.82
2017-04-19,0.81
2017-04-20,0.79
2017-04-21,0.79
2017-04-24,0.81
2017-04-25,0.82
2017-04-26,0.83
2017-04-27,0.81
2017-04-28,0.8
2017-05-01,0.83
2017-05-02,0.82
2017-05-03,0.85
2017-05-04,0.86
2017-05-05,0.9
2017-05-08,0.91
2017-05-09,0.91
2017-05-10,0.9
2017-05-11,0.89
2017-05-12,0.88
2017-05-15,0.9
2017-05-16,0.9
2017-05-17,0.9
2017-05-18,0.93
2017-05-19,0.92
2017-05-22,0.93
2017-05-23,0.92
2017-05-24,0.93
2017-05-25,0.94
2017-05-26,0.94
2017-05-30,0.93
2017-05-31,0.98
2017-06-01,0.98
2017-06-02,0.98
2017-06-05,0.96
2017-06-06,0.97
2017-06-07,1.0
2017-06-08,1.01
2017-06-09,1.01
2017-06-12,0.98
2017-06-13,1.0
2017-06-14,1.01
2017-06-15,1.02
2017-06-16,1.03
2017-06-19,1.02
2017-06-20,1.01
2017-06-21,0.99
2017-06-22,0.96
2017-06-23,0.97
2017-06-26,0.99
2017-06-27,1.0
2017-06-28,1.02
2017-06-29,1.04
2017-06-30,1.03
2017-07-03,1.06
2017-07-05,1.05
2017-07-06,1.04
2017-07-07,1.05
2017-07-10,1.04
2017-07-11,1.05
2017-07-12,1.05
2017-07-13,1.05
2017-07-14,1.04
2017-07-17,1.07
2017-07-18,1.07
2017-07-19,1.11
2017-07-20,1.15
2017-07-21,1.16
2017-07-24,1.17
2017-07-25,1.18
2017-07-26,1.13
2017-07-27,1.11
2017-07-28,1.08
2017-07-31,1.07
2017-08-01,1.08
2017-08-02,1.08
2017-08-03,1.08
2017-08-04,1.08
2017-08-07,1.02
2017-08-08,1.06
2017-08-09,1.06
2017-08-10,1.05
2017-08-11,1.03
2017-08-14,1.02
2017-08-15,1.04
2017-08-16,1.02
2017-08-17,1.0
2017-08-18,1.02
2017-08-21,1.0
2017-08-22,1.0
2017-08-23,1.0
2017-08-24,1.02
2017-08-25,1.03
2017-08-28,0.98
2017-08-29,1.03
2017-08-30,1.03
2017-08-31,1.01
2017-09-01,1.02
2017-09-05,1.03
2017-09-06,1.07
2017-09-07,1.05
2017-09-08,1.04
2017-09-11,1.05
2017-09-12,1.03
2017-09-13,1.04
2017-09-14,1.05
2017-09-15,1.05
2017-09-18,1.05
2017-09-19,1.04
2017-09-20,1.04
2017-09-21,1.04
2017-09-22,1.03
2017-09-25,1.05
2017-09-26,1.06
2017-09-27,1.07
2017-09-28,1.06
2017-09-29,1.06
2017-10-02,1.01
2017-10-03,1.07
2017-10-04,1.08
2017-10-05,1.07
2017-10-06,1.07
2017-10-10,1.08
2017-10-11,1.1
2017-10-12,1.09
2017-10-13,1.09
2017-10-16,1.1
2017-10-17,1.09
2017-10-18,1.09
2017-10-19,1.1
2017-10-20,1.11
2017-10-23,1.09
2017-10-24,1.12
2017-10-25,1.12
2017-10-26,1.11
2017-10-27,1.1
2017-10-30,1.12
2017-10-31,1.15
2017-11-01,1.18
2017-11-02,1.17
2017-11-03,1.18
2017-11-06,1.19
2017-11-07,1.22
2017-11-08,1.23
2017-11-09,1.24
2017-11-10,1.23
2017-11-13,1.24
2017-11-14,1.26
2017-11-15,1.25
2017-11-16,1.27
2017-11-17,1.29
2017-11-20,1.3
2017-11-21,1.3
2017-11-22,1.29
2017-11-24,1.29
2017-11-27,1.27
2017-11-28,1.3
2017-11-29,1.29
2017-11-30,1.27
2017-12-01,1.27
2017-12-04,1.29
2017-12-05,1.3
2017-12-06,1.3
2017-12-07,1.29
2017-12-08,1.28
2017-12-11,1.33
2017-12-12,1.34
2017-12-13,1.3
2017-12-14,1.32
2017-12-15,1.31
2017-12-18,1.38
2017-12-19,1.37
2017-12-20,1.38
2017-12-21,1.35
2017-12-22,1.33
2017-12-26,1.47
2017-12-27,1.44
2017-12-28,1.39
2017-12-29,1.39
2018-01-02,1.44
2018-01-03,1.41
2018-01-04,1.41
2018-01-05,1.39
2018-01-08,1.45
2018-01-09,1.44
2018-01-10,1.42
2018-01-11,1.43
2018-01-12,1.43
2018-01-16,1.45
2018-01-17,1.44
2018-01-18,1.45
2018-01-19,1.44
2018-01-22,1.44
2018-01-23,1.44
2018-01-24,1.43
2018-01-25,1.42
2018-01-26,1.41
2018-01-29,1.44
2018-01-30,1.44
2018-01-31,1.46
2018-02-01,1.48
2018-02-02,1.48
2018-02-05,1.51
2018-02-06,1.52
2018-02-07,1.55
2018-02-08,1.55
2018-02-09,1.55
2018-02-12,1.62
2018-02-13,1.59
2018-02-14,1.58
2018-02-15,1.58
2018-02-16,1.62
2018-02-20,1.66
2018-02-21,1.64
2018-02-22,1.63
2018-02-23,1.64
2018-02-26,1.66
2018-02-27,1.66
2018-02-28,1.65
2018-03-01,1.63
2018-03-02,1.65
2018-03-05,1.7
2018-03-06,1.68
2018-03-07,1.68
2018-03-08,1.67
2018-03-09,1.67
2018-03-12,1.71
2018-03-13,1.73
2018-03-14,1.76
2018-03-15,1.77
2018-03-16,1.78
2018-03-19,1.8
2018-03-20,1.81
2018-03-21,1.74
2018-03-22,1.72
2018-03-23,1.74
2018-03-26,1.79
2018-03-27,1.77
2018-03-28,1.73
2018-03-29,1.73
2018-04-02,1.77
2018-04-03,1.75
2018-04-04,1.71
2018-04-05,1.72
2018-04-06,1.73
2018-04-09,1.76
2018-04-10,1.74
2018-04-11,1.73
2018-04-12,1.75
2018-04-13,1.76
2018-04-16,1.79
2018-04-17,1.8
2018-04-18,1.81
2018-04-19,1.82
2018-04-20,1.81
2018-04-23,1.87
2018-04-24,1.87
2018-04-25,1.85
2018-04-26,1.82
2018-04-27,1.82
2018-04-30,1.87
2018-05-01,1.85
2018-05-02,1.84
2018-05-03,1.84
2018-05-04,1.84
2018-05-07,1.86
2018-05-08,1.87
2018-05-09,1.88
2018-05-10,1.9
2018-05-11,1.92
2018-05-14,1.93
2018-05-15,1.92
2018-05-16,1.92
2018-05-17,1.92
2018-05-18,1.91
2018-05-21,1.93
2018-05-22,1.93
2018-05-23,1.92
2018-05-24,1.91
2018-05-25,1.9
2018-05-29,1.93
2018-05-30,1.94
2018-05-31,1.93
2018-06-01,1.92
2018-06-04,1.94
2018-06-05,1.94
2018-06-06,1.95
2018-06-07,1.94
2018-06-08,1.93
2018-06-11,1.94
2018-06-12,1.92
2018-06-13,1.94
2018-06-14,1.94
2018-06-15,1.94
2018-06-18,1.94
2018-06-19,1.94
2018-06-20,1.94
2018-06-21,1.94
2018-06-22,1.93
2018-06-25,1.93
2018-06-26,1.93
2018-06-27,1.93
2018-06-28,1.93
2018-06-29,1.93
2018-07-02,1.98
2018-07-03,1.98
2018-07-05,1.96
2018-07-06,1.97
2018-07-09,1.98
2018-07-10,1.99
2018-07-11,1.97
2018-07-12,1.98
2018-07-13,1.98
2018-07-16,2.01
2018-07-17,2.02
2018-07-18,2.0
2018-07-19,2.0
2018-07-20,1.99
2018-07-23,1.99
2018-07-24,2.02
2018-07-25,2.01
2018-07-26,1.99
2018-07-27,2.0
2018-07-30,2.04
2018-07-31,2.03
2018-08-01,2.03
2018-08-02,2.02
2018-08-03,2.01
2018-08-06,2.05
2018-08-07,2.06
2018-08-08,2.06
2018-08-09,2.06
2018-08-10,2.05
2018-08-13,2.06
2018-08-14,2.08
2018-08-15,2.07
2018-08-16,2.07
2018-08-17,2.05
2018-08-20,2.06
2018-08-21,2.08
2018-08-22,2.09
2018-08-23,2.08
2018-08-24,2.09
2018-08-27,2.12
2018-08-28,2.13
2018-08-29,2.13
2018-08-30,2.11
2018-08-31,2.11
2018-09-04,2.13
2018-09-05,2.14
2018-09-06,2.13
2018-09-07,2.14
2018-09-10,2.14
2018-09-11,2.15
2018-09-12,2.16
2018-09-13,2.15
2018-09-14,2.16
2018-09-17,2.16
2018-09-18,2.17
2018-09-19,2.16
2018-09-20,2.17
2018-09-21,2.18
2018-09-24,2.22
2018-09-25,2.21
2018-09-26,2.2
2018-09-27,2.18
2018-09-28,2.19
2018-10-01,2.23
2018-10-02,2.23
2018-10-03,2.23
2018-10-04,2.22
2018-10-05,2.23
2018-10-09,2.25
2018-10-10,2.27
2018-10-11,2.27
2018-10-12,2.28
2018-10-15,2.31
2018-10-16,2.3
2018-10-17,2.31
2018-10-18,2.32
2018-10-19,2.31
2018-10-22,2.34
2018-10-23,2.33
2018-10-24,2.34
2018-10-25,2.34
2018-10-26,2.33
2018-10-29,2.34
2018-10-30,2.33
2018-10-31,2.34
2018-11-01,2.32
2018-11-02,2.33
2018-11-05,2.36
2018-11-06,2.35
2018-11-07,2.37
2018-11-08,2.35
2018-11-09,2.36
2018-11-13,2.38
2018-11-14,2.38
2018-11-15,2.37
2018-11-16,2.36
2018-11-19,2.38
2018-11-20,2.39
2018-11-21,2.41
2018-11-23,2.41
2018-11-26,2.41
2018-11-27,2.41
2018-11-28,2.4
2018-11-29,2.37
2018-11-30,2.37
2018-12-03,2.38
2018-12-04,2.42
2018-12-06,2.41
2018-12-07,2.4
2018-12-10,2.41
2018-12-11,2.41
2018-12-12,2.43
2018-12-13,2.43
2018-12-14,2.42
2018-12-17,2.4
2018-12-18,2.39
2018-12-19,2.4
2018-12-20,2.39
2018-12-21,2.39
2018-12-24,2.45
2018-12-26,2.44
2018-12-27,2.41
2018-12-28,2.4
2018-12-31,2.45
2019-01-02,2.42
2019-01-03,2.41
2019-01-04,2.42
2019-01-07,2.45
2019-01-08,2.46
2019-01-09,2.45
2019-01-10,2.43
2019-01-11,2.43
2019-01-14,2.45
2019-01-15,2.45
2019-01-16,2.43
2019-01-17,2.42
2019-01-18,2.41
2019-01-22,2.43
2019-01-23,2.41
2019-01-24,2.37
2019-01-25,2.39
2019-01-28,2.42
2019-01-29,2.42
2019-01-30,2.42
2019-01-31,2.41
2019-02-01,2.4
2019-02-04,2.42
2019-02-05,2.42
2019-02-06,2.42
2019-02-07,2.42
2019-02-08,2.43
2019-02-11,2.45
2019-02-12,2.43
2019-02-13,2.44
2019-02-14,2.43
2019-02-15,2.43
2019-02-19,2.45
2019-02-20,2.45
2019-02-21,2.45
2019-02-22,2.46
2019-02-25,2.47
2019-02-26,2.45
2019-02-27,2.45
2019-02-28,2.45
2019-03-01,2.44
2019-03-04,2.46
2019-03-05,2.46
2019-03-06,2.47
2019-03-07,2.45
2019-03-08,2.46
2019-03-11,2.46
2019-03-12,2.46
2019-03-13,2.45
2019-03-14,2.45
2019-03-15,2.45
2019-03-18,2.44
2019-03-19,2.46
2019-03-20,2.48
2019-03-21,2.49
2019-03-22,2.46
2019-03-25,2.46
2019-03-26,2.46
2019-03-27,2.44
2019-03-28,2.43
2019-03-29,2.4
2019-04-01,2.43
2019-04-02,2.42
2019-04-03,2.44
2019-04-04,2.44
2019-04-05,2.44
2019-04-08,2.43
2019-04-09,2.42
2019-04-10,2.43
2019-04-11,2.43
2019-04-12,2.44
2019-04-15,2.43
2019-04-16,2.43
2019-04-17,2.44
2019-04-18,2.42
2019-04-22,2.44
2019-04-23,2.45
2019-04-24,2.44
2019-04-25,2.43
2019-04-26,2.42
2019-04-29,2.44
2019-04-30,2.43
2019-05-01,2.43
2019-05-02,2.47
2019-05-03,2.43
2019-05-06,2.44
2019-05-07,2.43
2019-05-08,2.43
2019-05-09,2.43
2019-05-10,2.43
2019-05-13,2.41
2019-05-14,2.41
2019-05-15,2.42
2019-05-16,2.4
2019-05-17,2.39
2019-05-20,2.39
2019-05-21,2.39
2019-05-22,2.38
2019-05-23,2.37
2019-05-24,2.35
2019-05-28,2.37
2019-05-29,2.37
2019-05-30,2.38
2019-05-31,2.35
2019-06-03,2.35
2019-06-04,2.35
2019-06-05,2.35
2019-06-06,2.33
2019-06-07,2.28
2019-06-10,2.29
2019-06-11,2.27
2019-06-12,2.24
2019-06-13,2.19
2019-06-14,2.2
2019-06-17,2.23
2019-06-18,2.22
2019-06-19,2.18
2019-06-20,2.14
2019-06-21,2.11
2019-06-24,2.13
2019-06-25,2.12
2019-06-26,2.15
2019-06-27,2.14
2019-06-28,2.12
2019-07-01,2.21
2019-07-02,2.2
2019-07-03,2.21
2019-07-05,2.23
2019-07-08,2.26
2019-07-09,2.26
2019-07-10,2.2
2019-07-11,2.17
2019-07-12,2.14
2019-07-15,2.16
2019-07-16,2.15
2019-07-17,2.14
2019-07-18,2.05
2019-07-19,2.06
2019-07-22,2.09
2019-07-23,2.06
2019-07-24,2.1
2019-07-25,2.1
2019-07-26,2.12
2019-07-29,2.12
2019-07-30,2.08
2019-07-31,2.08
2019-08-01,2.07
2019-08-02,2.06
2019-08-05,2.05
2019-08-06,2.05
2019-08-07,2.02
2019-08-08,2.02
2019-08-09,2.0
2019-08-12,2.0
2019-08-13,2.0
2019-08-14,1.96
2019-08-15,1.91
2019-08-16,1.87
2019-08-19,1.94
2019-08-20,1.94
2019-08-21,1.97
2019-08-22,2.0
2019-08-23,1.97
2019-08-26,2.01
2019-08-27,1.98
2019-08-28,1.99
2019-08-29,1.99
2019-08-30,1.99
2019-09-03,1.98
2019-09-04,1.97
2019-09-05,1.97
2019-09-06,1.96
2019-09-09,1.96
2019-09-10,1.95
2019-09-11,1.96
2019-09-12,1.95
2019-09-13,1.96
2019-09-16,1.99
2019-09-17,1.99
2019-09-18,1.95
2019-09-19,1.93
2019-09-20,1.91
2019-09-23,1.94
2019-09-24,1.92
2019-09-25,1.89
2019-09-26,1.83
2019-09-27,1.8
2019-09-30,1.88
2019-10-01,1.82
2019-10-02,1.79
2019-10-03,1.7
2019-10-04,1.71
2019-10-07,1.75
2019-10-08,1.72
2019-10-09,1.69
2019-10-10,1.68
2019-10-11,1.68
2019-10-15,1.67
2019-10-16,1.66
2019-10-17,1.66
2019-10-18,1.66
2019-10-21,1.67
2019-10-22,1.65
2019-10-23,1.65
2019-10-24,1.67
2019-10-25,1.66
2019-10-28,1.65
2019-10-29,1.63
2019-10-30,1.62
2019-10-31,1.54
2019-11-01,1.52
2019-11-04,1.53
2019-11-05,1.56
2019-11-06,1.56
2019-11-07,1.56
2019-11-08,1.55
2019-11-12,1.59
2019-11-13,1.57
2019-11-14,1.57
2019-11-15,1.57
2019-11-18,1.57
2019-11-19,1.57
2019-11-20,1.57
2019-11-21,1.58
2019-11-22,1.58
2019-11-25,1.61
2019-11-26,1.6
2019-11-27,1.62
2019-11-29,1.59
2019-12-02,1.6
2019-12-03,1.57
2019-12-04,1.55
2019-12-05,1.54
2019-12-06,1.53
2019-12-09,1.54
2019-12-10,1.56
2019-12-11,1.57
2019-12-12,1.56
2019-12-13,1.57
2019-12-16,1.57
2019-12-17,1.56
2019-12-18,1.56
2019-12-19,1.57
2019-12-20,1.58
2019-12-23,1.59
2019-12-24,1.58
2019-12-26,1.58
2019-12-27,1.57
2019-12-30,1.57
2019-12-31,1.55
2020-01-02,1.54
2020-01-03,1.52
2020-01-06,1.56
2020-01-07,1.54
2020-01-08,1.54
2020-01-09,1.54
2020-01-10,1.54
2020-01-13,1.57
2020-01-14,1.57
2020-01-15,1.57
2020-01-16,1.55
2020-01-17,1.56
2020-01-21,1.56
2020-01-22,1.55
2020-01-23,1.55
2020-01-24,1.54
2020-01-27,1.55
2020-01-28,1.57
2020-01-29,1.56
2020-01-30,1.57
2020-01-31,1.55
2020-02-03,1.57
2020-02-04,1.57
2020-02-05,1.57
2020-02-06,1.57
2020-02-07,1.56
2020-02-10,1.58
2020-02-11,1.57
2020-02-12,1.58
2020-02-13,1.59
2020-02-14,1.58
2020-02-18,1.58
2020-02-19,1.58
2020-02-20,1.58
2020-02-21,1.56
2020-02-24,1.53
2020-02-25,1.53
2020-02-26,1.53
2020-02-27,1.45
2020-02-28,1.27
2020-03-02,1.13
2020-03-03,0.95
2020-03-04,0.72
2020-03-05,0.62
2020-03-06,0.45
2020-03-09,0.33
2020-03-10,0.44
2020-03-11,0.42
2020-03-12,0.33
2020-03-13,0.28
2020-03-16,0.24
2020-03-17,0.19
2020-03-18,0.02
2020-03-19,0.04
2020-03-20,0.05
2020-03-23,0.02
2020-03-24,0.01
2020-03-25,0.0
2020-03-26,0.0
2020-03-27,0.03
2020-03-30,0.12
2020-03-31,0.11
2020-04-01,0.09
2020-04-02,0.09
2020-04-03,0.1
2020-04-06,0.15
2020-04-07,0.14
2020-04-08,0.22
2020-04-09,0.25
2020-04-13,0.26
2020-04-14,0.2
2020-04-15,0.14
2020-04-16,0.14
2020-04-17,0.12
2020-04-20,0.12
2020-04-21,0.11
2020-04-22,0.12
2020-04-23,0.11
2020-04-24,0.12
2020-04-27,0.12
2020-04-28,0.11
2020-04-29,0.1
2020-04-30,0.09
2020-05-01,0.12
2020-05-04,0.13
2020-05-05,0.13
2020-05-06,0.12
2020-05-07,0.11
2020-05-08,0.12
2020-05-11,0.12
2020-05-12,0.13
2020-05-13,0.13
2020-05-14,0.12
2020-05-15,0.12
2020-05-18,0.13
2020-05-19,0.13
2020-05-20,0.12
2020-05-21,0.12
2020-05-22,0.12
2020-05-26,0.14
2020-05-27,0.15
2020-05-28,0.15
2020-05-29,0.14
2020-06-01,0.14
2020-06-02,0.15
2020-06-03,0.16
2020-06-04,0.15
2020-06-05,0.15
2020-06-08,0.17
2020-06-09,0.19
2020-06-10,0.17
2020-06-11,0.17
2020-06-12,0.16
2020-06-15,0.18
2020-06-16,0.17
2020-06-17,0.17
2020-06-18,0.16
2020-06-19,0.15
2020-06-22,0.16
2020-06-23,0.16
2020-06-24,0.15
2020-06-25,0.16
2020-06-26,0.14
2020-06-29,0.14
2020-06-30,0.16
2020-07-01,0.14
2020-07-02,0.14
2020-07-06,0.15
2020-07-07,0.15
2020-07-08,0.15
2020-07-09,0.13
2020-07-10,0.13
2020-07-13,0.14
2020-07-14,0.15
2020-07-15,0.16
2020-07-16,0.11
2020-07-17,0.11
2020-07-20,0.13
2020-07-21,0.13
2020-07-22,0.13
2020-07-23,0.12
2020-07-24,0.11
2020-07-27,0.11
2020-07-28,0.11
2020-07-29,0.11
2020-07-30,0.09
2020-07-31,0.09
2020-08-03,0.1
2020-08-04,0.09
2020-08-05,0.1
2020-08-06,0.1
2020-08-07,0.1
2020-08-10,0.11
2020-08-11,0.11
2020-08-12,0.11
2020-08-13,0.1
2020-08-14,0.1
2020-08-17,0.1
2020-08-18,0.09
2020-08-19,0.11
2020-08-20,0.11
2020-08-21,0.1
2020-08-24,0.12
2020-08-25,0.11
2020-08-26,0.11
2020-08-27,0.11
2020-08-28,0.1
2020-08-31,0.11
2020-09-01,0.12
2020-09-02,0.12
2020-09-03,0.11
2020-09-04,0.11
2020-09-08,0.13
2020-09-09,0.12
2020-09-10,0.12
2020-09-11,0.11
2020-09-14,0.11
2020-09-15,0.11
2020-09-16,0.12
2020-09-17,0.09
2020-09-18,0.1
2020-09-21,0.1
2020-09-22,0.1
2020-09-23,0.11
2020-09-24,0.1
2020-09-25,0.1
2020-09-28,0.11
2020-09-29,0.09
2020-09-30,0.1
2020-10-01,0.09
2020-10-02,0.09
2020-10-05,0.1
2020-10-06,0.1
2020-10-07,0.1
2020-10-08,0.09
2020-10-09,0.1
2020-10-13,0.11
2020-10-14,0.12
2020-10-15,0.11
2020-10-16,0.11
2020-10-19,0.11
2020-10-20,0.1
2020-10-21,0.1
2020-10-22,0.09
2020-10-23,0.1
2020-10-26,0.11
2020-10-27,0.1
2020-10-28,0.1
2020-10-29,0.09
2020-10-30,0.09
2020-11-02,0.09
2020-11-03,0.1
2020-11-04,0.1
2020-11-05,0.1
2020-11-06,0.1
2020-11-09,0.11
2020-11-10,0.1
2020-11-12,0.1
2020-11-13,0.09
2020-11-16,0.09
2020-11-17,0.09
2020-11-18,0.09
2020-11-19,0.07
2020-11-20,0.07
2020-11-23,0.08
2020-11-24,0.09
2020-11-25,0.09
2020-11-27,0.09
2020-11-30,0.08
2020-12-01,0.09
2020-12-02,0.09
2020-12-03,0.08
2020-12-04,0.09
2020-12-07,0.08
2020-12-08,0.09
2020-12-09,0.08
2020-12-10,0.08
2020-12-11,0.08
2020-12-14,0.09
2020-12-15,0.08
2020-12-16,0.09
2020-12-17,0.08
2020-12-18,0.08
2020-12-21,0.09
2020-12-22,0.09
2020-12-23,0.09
2020-12-24,0.09
2020-12-28,0.11
2020-12-29,0.1
2020-12-30,0.08
2020-12-31,0.09
2021-01-04,0.09
2021-01-05,0.09
2021-01-06,0.09
2021-01-07,0.09
2021-01-08,0.08
2021-01-11,0.08
2021-01-12,0.09
2021-01-13,0.09
2021-01-14,0.09
2021-01-15,0.09
2021-01-19,0.09
2021-01-20,0.08
2021-01-21,0.09
2021-01-22,0.08
2021-01-25,0.09
2021-01-26,0.07
2021-01-27,0.08
2021-01-28,0.07
2021-01-29,0.06
2021-02-01,0.07
2021-02-02,0.07
2021-02-03,0.04
2021-02-04,0.04
2021-02-05,0.03
2021-02-08,0.05
2021-02-09,0.04
2021-02-10,0.05
2021-02-11,0.05
2021-02-12,0.04
2021-02-16,0.04
2021-02-17,0.04
2021-02-18,0.03
2021-02-19,0.04
2021-02-22,0.03
2021-02-23,0.04
2021-02-24,0.03
2021-02-25,0.04
2021-02-26,0.04
2021-03-01,0.05
2021-03-02,0.04
2021-03-03,0.05
2021-03-04,0.04
2021-03-05,0.04
2021-03-08,0.05
2021-03-09,0.05
2021-03-10,0.04
2021-03-11,0.04
2021-03-12,0.04
2021-03-15,0.04
2021-03-16,0.02
2021-03-17,0.02
2021-03-18,0.01
2021-03-19,0.01
2021-03-22,0.03
2021-03-23,0.01
2021-03-24,0.02
2021-03-25,0.02
2021-03-26,0.02
2021-03-29,0.03
2021-03-30,0.02
2021-03-31,0.03
2021-04-01,0.02
2021-04-02,0.02
2021-04-05,0.03
2021-04-06,0.02
2021-04-07,0.02
2021-04-08,0.01
2021-04-09,0.02
2021-04-12,0.02
2021-04-13,0.03
2021-04-14,0.02
2021-04-15,0.02
2021-04-16,0.02
2021-04-19,0.02
2021-04-20,0.03
2021-04-21,0.03
2021-04-22,0.03
2021-04-23,0.03
2021-04-26,0.03
2021-04-27,0.01
2021-04-28,0.01
2021-04-29,0.01
2021-04-30,0.01
2021-05-03,0.04
2021-05-04,0.02
2021-05-05,0.02
2021-05-06,0.02
2021-05-07,0.02
2021-05-10,0.02
2021-05-11,0.01
2021-05-12,0.02
2021-05-13,0.02
2021-05-14,0.01
2021-05-17,0.02
2021-05-18,0.02
2021-05-19,0.01
